group	condition	control	reads
RT_Gad2	RT	0	./demux/RTS0_BC_AGCAAC.fq.gz
RT_Gad2	RT	0	./demux/RTS0_BC_CCACTA.fq.gz
RT_Gad2	RT	0	./demux/RTS0_BC_CTTACA.fq.gz
RT_vGluT2	RT	0	./demux/RTS0_BC_TGTTTG.fq.gz
RT_vGluT2	RT	0	./demux/RTS0_BC_TAGGGG.fq.gz
RT_vGluT2	RT	0	./demux/RTS0_BC_GACGCG.fq.gz
S1_Gad2	S1	1	./demux/RTS0_BC_CGTCCG.fq.gz
S1_Gad2	S1	1	./demux/RTS0_BC_TCCTAG.fq.gz
S1_Gad2	S1	1	./demux/RTS0_BC_GGAGGC.fq.gz
S1_vGluT2	S1	1	./demux/RTS0_BC_ATCGTG.fq.gz
S1_vGluT2	S1	1	./demux/RTS0_BC_CCTATG.fq.gz
S1_vGluT2	S1	1	./demux/RTS0_BC_GTGAGG.fq.gz
